[{"model": "scraping.city", "pk": 1, "fields": {"name": "\u041a\u0438\u0435\u0432"}}, {"model": "scraping.city", "pk": 2, "fields": {"name": "\u041b\u044c\u0432\u043e\u0432"}}, {"model": "scraping.city", "pk": 3, "fields": {"name": "\u0425\u0430\u0440\u044c\u043a\u043e\u0432"}}, {"model": "scraping.city", "pk": 4, "fields": {"name": "\u041e\u0434\u0435\u0441\u0441\u0430"}}, {"model": "scraping.city", "pk": 5, "fields": {"name": "\u0414\u043d\u0435\u043f\u0440"}}, {"model": "scraping.speciality", "pk": 1, "fields": {"name": "Python"}}, {"model": "scraping.speciality", "pk": 2, "fields": {"name": "Java"}}, {"model": "scraping.speciality", "pk": 3, "fields": {"name": "Ruby"}}, {"model": "scraping.speciality", "pk": 4, "fields": {"name": "C++"}}, {"model": "scraping.speciality", "pk": 5, "fields": {"name": "Front End"}}, {"model": "scraping.speciality", "pk": 6, "fields": {"name": "C#"}}, {"model": "scraping.speciality", "pk": 8, "fields": {"name": ".NET"}}, {"model": "scraping.speciality", "pk": 9, "fields": {"name": "PHP"}}, {"model": "scraping.speciality", "pk": 10, "fields": {"name": "Golang"}}, {"model": "scraping.speciality", "pk": 11, "fields": {"name": "Node.js"}}, {"model": "scraping.speciality", "pk": 12, "fields": {"name": "iOS/MacOS"}}, {"model": "scraping.speciality", "pk": 13, "fields": {"name": "React Native"}}, {"model": "scraping.speciality", "pk": 14, "fields": {"name": "Android"}}, {"model": "scraping.site", "pk": 1, "fields": {"name": "Work.ua"}}, {"model": "scraping.site", "pk": 2, "fields": {"name": "Dou.ua"}}, {"model": "scraping.site", "pk": 3, "fields": {"name": "Rabota.ua"}}, {"model": "scraping.url", "pk": 1, "fields": {"city": 1, "speciality": 1, "site": 1, "url_address": "https://www.work.ua/jobs-kyiv-python/"}}, {"model": "scraping.url", "pk": 2, "fields": {"city": 1, "speciality": 1, "site": 2, "url_address": "https://jobs.dou.ua/vacancies/?city=%D0%9A%D0%B8%D0%B5%D0%B2&category=Python"}}, {"model": "scraping.url", "pk": 3, "fields": {"city": 1, "speciality": 1, "site": 3, "url_address": "https://rabota.ua/jobsearch/vacancy_list?regionId=1&keyWords=python&period=2&lastdate="}}, {"model": "scraping.url", "pk": 4, "fields": {"city": 1, "speciality": 2, "site": 3, "url_address": "https://rabota.ua/jobsearch/vacancy_list?regionId=1&keyWords=java&period=2&lastdate="}}, {"model": "scraping.url", "pk": 5, "fields": {"city": 1, "speciality": 2, "site": 2, "url_address": "https://jobs.dou.ua/vacancies/?city=%D0%9A%D0%B8%D0%B5%D0%B2&category=Java"}}, {"model": "scraping.url", "pk": 6, "fields": {"city": 1, "speciality": 2, "site": 1, "url_address": "https://www.work.ua/jobs-kyiv-java/"}}, {"model": "scraping.url", "pk": 7, "fields": {"city": 1, "speciality": 3, "site": 1, "url_address": "https://www.work.ua/jobs-kyiv-ruby/"}}, {"model": "scraping.url", "pk": 8, "fields": {"city": 1, "speciality": 3, "site": 2, "url_address": "https://jobs.dou.ua/vacancies/?city=%D0%9A%D0%B8%D0%B5%D0%B2&category=Ruby"}}, {"model": "scraping.url", "pk": 9, "fields": {"city": 1, "speciality": 3, "site": 3, "url_address": "https://rabota.ua/jobsearch/vacancy_list?regionId=1&keyWords=ruby&period=2&lastdate="}}, {"model": "scraping.url", "pk": 10, "fields": {"city": 1, "speciality": 4, "site": 1, "url_address": "https://www.work.ua/jobs-kyiv-c%2B%2B/"}}, {"model": "scraping.url", "pk": 11, "fields": {"city": 1, "speciality": 4, "site": 2, "url_address": "https://jobs.dou.ua/vacancies/?city=%D0%9A%D0%B8%D0%B5%D0%B2&category=C%2B%2B"}}, {"model": "scraping.url", "pk": 12, "fields": {"city": 1, "speciality": 4, "site": 3, "url_address": "https://rabota.ua/jobsearch/vacancy_list?regionId=1&keyWords=cpp&period=2&lastdate="}}, {"model": "scraping.url", "pk": 13, "fields": {"city": 1, "speciality": 6, "site": 1, "url_address": "https://www.work.ua/jobs-kyiv-c%23/"}}, {"model": "scraping.url", "pk": 14, "fields": {"city": 1, "speciality": 6, "site": 2, "url_address": "https://jobs.dou.ua/vacancies/?city=%D0%9A%D0%B8%D0%B5%D0%B2&category=c%23"}}, {"model": "scraping.url", "pk": 15, "fields": {"city": 1, "speciality": 6, "site": 3, "url_address": "https://rabota.ua/jobsearch/vacancy_list?regionId=1&keyWords=c-sharp&period=2&lastdate="}}, {"model": "scraping.url", "pk": 16, "fields": {"city": 1, "speciality": 5, "site": 1, "url_address": "https://www.work.ua/jobs-kyiv-front-end/"}}, {"model": "scraping.url", "pk": 17, "fields": {"city": 1, "speciality": 5, "site": 2, "url_address": "https://jobs.dou.ua/vacancies/?city=%D0%9A%D0%B8%D0%B5%D0%B2&category=front-end"}}, {"model": "scraping.url", "pk": 18, "fields": {"city": 1, "speciality": 5, "site": 3, "url_address": "https://rabota.ua/jobsearch/vacancy_list?regionId=1&keyWords=front-end&period=2&lastdate="}}, {"model": "scraping.url", "pk": 19, "fields": {"city": 1, "speciality": 8, "site": 1, "url_address": "https://www.work.ua/jobs-kyiv-.net/"}}, {"model": "scraping.url", "pk": 20, "fields": {"city": 1, "speciality": 8, "site": 2, "url_address": "https://jobs.dou.ua/vacancies/?city=%D0%9A%D0%B8%D0%B5%D0%B2&category=.net"}}, {"model": "scraping.url", "pk": 21, "fields": {"city": 1, "speciality": 8, "site": 3, "url_address": "https://rabota.ua/jobsearch/vacancy_list?regionId=1&keyWords=.net&period=2&lastdate="}}, {"model": "scraping.url", "pk": 22, "fields": {"city": 1, "speciality": 9, "site": 1, "url_address": "https://www.work.ua/jobs-kyiv-php/"}}, {"model": "scraping.url", "pk": 23, "fields": {"city": 1, "speciality": 9, "site": 2, "url_address": "https://jobs.dou.ua/vacancies/?city=%D0%9A%D0%B8%D0%B5%D0%B2&category=PHP"}}, {"model": "scraping.url", "pk": 24, "fields": {"city": 1, "speciality": 9, "site": 3, "url_address": "https://rabota.ua/jobsearch/vacancy_list?regionId=1&keyWords=php&period=2&lastdate="}}, {"model": "scraping.url", "pk": 25, "fields": {"city": 1, "speciality": 10, "site": 1, "url_address": "https://www.work.ua/jobs-kyiv-golang/"}}, {"model": "scraping.url", "pk": 26, "fields": {"city": 1, "speciality": 10, "site": 2, "url_address": "https://jobs.dou.ua/vacancies/?city=%D0%9A%D0%B8%D0%B5%D0%B2&category=Golang"}}, {"model": "scraping.url", "pk": 27, "fields": {"city": 1, "speciality": 10, "site": 3, "url_address": "https://rabota.ua/jobsearch/vacancy_list?regionId=1&keyWords=golang&period=2&lastdate="}}, {"model": "scraping.url", "pk": 28, "fields": {"city": 1, "speciality": 11, "site": 1, "url_address": "https://www.work.ua/jobs-kyiv-node.js/"}}, {"model": "scraping.url", "pk": 29, "fields": {"city": 1, "speciality": 11, "site": 2, "url_address": "https://jobs.dou.ua/vacancies/?city=%D0%9A%D0%B8%D0%B5%D0%B2&category=node.js"}}, {"model": "scraping.url", "pk": 30, "fields": {"city": 1, "speciality": 11, "site": 3, "url_address": "https://rabota.ua/jobsearch/vacancy_list?regionId=1&keyWords=node.js&period=2&lastdate="}}, {"model": "scraping.url", "pk": 31, "fields": {"city": 1, "speciality": 12, "site": 1, "url_address": "https://www.work.ua/jobs-kyiv-iOS%2FmacOS/"}}, {"model": "scraping.url", "pk": 32, "fields": {"city": 1, "speciality": 12, "site": 2, "url_address": "https://jobs.dou.ua/vacancies/?city=%D0%9A%D0%B8%D0%B5%D0%B2&category=iOS%2FmacOS"}}, {"model": "scraping.url", "pk": 33, "fields": {"city": 1, "speciality": 12, "site": 3, "url_address": "https://rabota.ua/jobsearch/vacancy_list?regionId=1&keyWords=iOS%2FmacOS&period=2&lastdate="}}, {"model": "scraping.url", "pk": 34, "fields": {"city": 1, "speciality": 13, "site": 1, "url_address": "https://www.work.ua/jobs-kyiv-react-native/"}}, {"model": "scraping.url", "pk": 35, "fields": {"city": 1, "speciality": 13, "site": 2, "url_address": "https://jobs.dou.ua/vacancies/?city=%D0%9A%D0%B8%D0%B5%D0%B2&category=react-native"}}, {"model": "scraping.url", "pk": 36, "fields": {"city": 1, "speciality": 13, "site": 3, "url_address": "https://rabota.ua/jobsearch/vacancy_list?regionId=1&keyWords=react-native&period=2&lastdate="}}, {"model": "scraping.url", "pk": 37, "fields": {"city": 1, "speciality": 14, "site": 1, "url_address": "https://www.work.ua/jobs-kyiv-android/"}}, {"model": "scraping.url", "pk": 38, "fields": {"city": 1, "speciality": 14, "site": 2, "url_address": "https://jobs.dou.ua/vacancies/?city=%D0%9A%D0%B8%D0%B5%D0%B2&category=android"}}, {"model": "scraping.url", "pk": 39, "fields": {"city": 1, "speciality": 14, "site": 3, "url_address": "https://rabota.ua/jobsearch/vacancy_list?regionId=1&keyWords=android&period=2&lastdate="}}, {"model": "scraping.url", "pk": 40, "fields": {"city": 5, "speciality": 8, "site": 3, "url_address": "https://rabota.ua/jobsearch/vacancy_list?regionId=4&keyWords=.net&period=2&lastdate="}}, {"model": "scraping.url", "pk": 41, "fields": {"city": 5, "speciality": 8, "site": 2, "url_address": "https://jobs.dou.ua/vacancies/?city=\u0414\u043d\u0435\u043f\u0440&category=.net"}}, {"model": "scraping.url", "pk": 42, "fields": {"city": 5, "speciality": 8, "site": 1, "url_address": "https://www.work.ua/jobs-dnipro-.net/"}}, {"model": "scraping.url", "pk": 43, "fields": {"city": 5, "speciality": 14, "site": 3, "url_address": "https://rabota.ua/jobsearch/vacancy_list?regionId=4&keyWords=android&period=2&lastdate="}}, {"model": "scraping.url", "pk": 44, "fields": {"city": 5, "speciality": 14, "site": 2, "url_address": "https://jobs.dou.ua/vacancies/?city=\u0414\u043d\u0435\u043f\u0440&category=android"}}, {"model": "scraping.url", "pk": 45, "fields": {"city": 5, "speciality": 14, "site": 1, "url_address": "https://www.work.ua/jobs-dnipro-android/"}}, {"model": "scraping.url", "pk": 46, "fields": {"city": 5, "speciality": 6, "site": 3, "url_address": "https://rabota.ua/jobsearch/vacancy_list?regionId=4&keyWords=c-sharp&period=2&lastdate="}}, {"model": "scraping.url", "pk": 47, "fields": {"city": 5, "speciality": 6, "site": 2, "url_address": "https://jobs.dou.ua/vacancies/?city=\u0414\u043d\u0435\u043f\u0440&category=c%23"}}, {"model": "scraping.url", "pk": 48, "fields": {"city": 5, "speciality": 6, "site": 1, "url_address": "https://www.work.ua/jobs-dnipro-c%23/"}}, {"model": "scraping.url", "pk": 49, "fields": {"city": 5, "speciality": 4, "site": 1, "url_address": "https://www.work.ua/jobs-dnipro-c%2B%2B/"}}, {"model": "scraping.url", "pk": 50, "fields": {"city": 5, "speciality": 4, "site": 2, "url_address": "https://jobs.dou.ua/vacancies/?city=\u0414\u043d\u0435\u043f\u0440&category=C%2B%2B"}}, {"model": "scraping.url", "pk": 51, "fields": {"city": 5, "speciality": 4, "site": 3, "url_address": "https://rabota.ua/jobsearch/vacancy_list?regionId=4&keyWords=cpp&period=2&lastdate="}}, {"model": "scraping.url", "pk": 52, "fields": {"city": 5, "speciality": 5, "site": 1, "url_address": "https://www.work.ua/jobs-dnipro-front-end/"}}, {"model": "scraping.url", "pk": 53, "fields": {"city": 5, "speciality": 5, "site": 2, "url_address": "https://jobs.dou.ua/vacancies/?city=\u0414\u043d\u0435\u043f\u0440&category=front-end"}}, {"model": "scraping.url", "pk": 54, "fields": {"city": 5, "speciality": 5, "site": 3, "url_address": "https://rabota.ua/jobsearch/vacancy_list?regionId=4&keyWords=front-end&period=2&lastdate="}}, {"model": "scraping.url", "pk": 55, "fields": {"city": 5, "speciality": 10, "site": 1, "url_address": "https://www.work.ua/jobs-dnipro-golang/"}}, {"model": "scraping.url", "pk": 56, "fields": {"city": 5, "speciality": 10, "site": 2, "url_address": "https://jobs.dou.ua/vacancies/?city=\u0414\u043d\u0435\u043f\u0440&category=Golang"}}, {"model": "scraping.url", "pk": 57, "fields": {"city": 5, "speciality": 10, "site": 3, "url_address": "https://rabota.ua/jobsearch/vacancy_list?regionId=4&keyWords=golang&period=2&lastdate="}}, {"model": "scraping.url", "pk": 58, "fields": {"city": 5, "speciality": 2, "site": 1, "url_address": "https://www.work.ua/jobs-dnipro-java/"}}, {"model": "scraping.url", "pk": 59, "fields": {"city": 5, "speciality": 2, "site": 2, "url_address": "https://jobs.dou.ua/vacancies/?city=\u0414\u043d\u0435\u043f\u0440&category=Java"}}, {"model": "scraping.url", "pk": 60, "fields": {"city": 5, "speciality": 2, "site": 3, "url_address": "https://rabota.ua/jobsearch/vacancy_list?regionId=4&keyWords=java&period=2&lastdate="}}, {"model": "scraping.url", "pk": 61, "fields": {"city": 5, "speciality": 11, "site": 1, "url_address": "https://www.work.ua/jobs-dnipro-node.js/"}}, {"model": "scraping.url", "pk": 62, "fields": {"city": 5, "speciality": 11, "site": 2, "url_address": "https://jobs.dou.ua/vacancies/?city=\u0414\u043d\u0435\u043f\u0440&category=node.js"}}, {"model": "scraping.url", "pk": 63, "fields": {"city": 5, "speciality": 11, "site": 3, "url_address": "https://rabota.ua/jobsearch/vacancy_list?regionId=4&keyWords=node.js&period=2&lastdate="}}, {"model": "scraping.url", "pk": 64, "fields": {"city": 5, "speciality": 9, "site": 1, "url_address": "https://www.work.ua/jobs-dnipro-php/"}}, {"model": "scraping.url", "pk": 65, "fields": {"city": 5, "speciality": 9, "site": 2, "url_address": "https://jobs.dou.ua/vacancies/?city=\u0414\u043d\u0435\u043f\u0440&category=PHP"}}, {"model": "scraping.url", "pk": 66, "fields": {"city": 5, "speciality": 9, "site": 3, "url_address": "https://rabota.ua/jobsearch/vacancy_list?regionId=4&keyWords=php&period=2&lastdate="}}, {"model": "scraping.url", "pk": 67, "fields": {"city": 5, "speciality": 1, "site": 1, "url_address": "https://www.work.ua/jobs-dnipro-python/"}}, {"model": "scraping.url", "pk": 68, "fields": {"city": 5, "speciality": 1, "site": 2, "url_address": "https://jobs.dou.ua/vacancies/?city=\u0414\u043d\u0435\u043f\u0440&category=Python"}}, {"model": "scraping.url", "pk": 69, "fields": {"city": 5, "speciality": 1, "site": 3, "url_address": "https://rabota.ua/jobsearch/vacancy_list?regionId=4&keyWords=python&period=2&lastdate="}}, {"model": "scraping.url", "pk": 70, "fields": {"city": 5, "speciality": 13, "site": 1, "url_address": "https://www.work.ua/jobs-dnipro-react-native/"}}, {"model": "scraping.url", "pk": 71, "fields": {"city": 5, "speciality": 13, "site": 2, "url_address": "https://jobs.dou.ua/vacancies/?city=\u0414\u043d\u0435\u043f\u0440&category=react-native"}}, {"model": "scraping.url", "pk": 72, "fields": {"city": 5, "speciality": 13, "site": 3, "url_address": "https://rabota.ua/jobsearch/vacancy_list?regionId=4&keyWords=react-native&period=2&lastdate="}}, {"model": "scraping.url", "pk": 73, "fields": {"city": 5, "speciality": 3, "site": 1, "url_address": "https://www.work.ua/jobs-dnipro-ruby/"}}, {"model": "scraping.url", "pk": 74, "fields": {"city": 5, "speciality": 3, "site": 2, "url_address": "https://jobs.dou.ua/vacancies/?city=\u0414\u043d\u0435\u043f\u0440&category=Ruby"}}, {"model": "scraping.url", "pk": 75, "fields": {"city": 5, "speciality": 3, "site": 3, "url_address": "https://rabota.ua/jobsearch/vacancy_list?regionId=4&keyWords=ruby&period=2&lastdate="}}, {"model": "scraping.url", "pk": 76, "fields": {"city": 5, "speciality": 12, "site": 1, "url_address": "https://www.work.ua/jobs-dnipro-iOS%2FmacOS/"}}, {"model": "scraping.url", "pk": 77, "fields": {"city": 5, "speciality": 12, "site": 2, "url_address": "https://jobs.dou.ua/vacancies/?city=\u0414\u043d\u0435\u043f\u0440&category=iOS%2FmacOS"}}, {"model": "scraping.url", "pk": 78, "fields": {"city": 5, "speciality": 12, "site": 3, "url_address": "https://rabota.ua/jobsearch/vacancy_list?regionId=4&keyWords=iOS%2FmacOS&period=2&lastdate="}}, {"model": "scraping.url", "pk": 79, "fields": {"city": 2, "speciality": 8, "site": 1, "url_address": "https://www.work.ua/jobs-lviv-.net/"}}, {"model": "scraping.url", "pk": 80, "fields": {"city": 2, "speciality": 8, "site": 2, "url_address": "https://jobs.dou.ua/vacancies/?city=\u041b\u044c\u0432\u043e\u0432&category=.net"}}, {"model": "scraping.url", "pk": 81, "fields": {"city": 2, "speciality": 8, "site": 3, "url_address": "https://rabota.ua/jobsearch/vacancy_list?regionId=2&keyWords=.net&period=2&lastdate="}}, {"model": "scraping.url", "pk": 82, "fields": {"city": 2, "speciality": 14, "site": 1, "url_address": "https://www.work.ua/jobs-lviv-android/"}}, {"model": "scraping.url", "pk": 83, "fields": {"city": 2, "speciality": 14, "site": 2, "url_address": "https://jobs.dou.ua/vacancies/?city=\u041b\u044c\u0432\u043e\u0432&category=android"}}, {"model": "scraping.url", "pk": 84, "fields": {"city": 2, "speciality": 14, "site": 3, "url_address": "https://rabota.ua/jobsearch/vacancy_list?regionId=2&keyWords=android&period=2&lastdate="}}, {"model": "scraping.url", "pk": 85, "fields": {"city": 2, "speciality": 6, "site": 1, "url_address": "https://www.work.ua/jobs-lviv-c%23/"}}, {"model": "scraping.url", "pk": 86, "fields": {"city": 2, "speciality": 6, "site": 2, "url_address": "https://jobs.dou.ua/vacancies/?city=\u041b\u044c\u0432\u043e\u0432&category=c%23"}}, {"model": "scraping.url", "pk": 87, "fields": {"city": 2, "speciality": 6, "site": 3, "url_address": "https://rabota.ua/jobsearch/vacancy_list?regionId=2&keyWords=c-sharp&period=2&lastdate="}}, {"model": "scraping.url", "pk": 88, "fields": {"city": 2, "speciality": 4, "site": 1, "url_address": "https://www.work.ua/jobs-lviv-c%2B%2B/"}}, {"model": "scraping.url", "pk": 89, "fields": {"city": 2, "speciality": 4, "site": 2, "url_address": "https://jobs.dou.ua/vacancies/?city=\u041b\u044c\u0432\u043e\u0432&category=C%2B%2B"}}, {"model": "scraping.url", "pk": 90, "fields": {"city": 2, "speciality": 4, "site": 3, "url_address": "https://rabota.ua/jobsearch/vacancy_list?regionId=2&keyWords=cpp&period=2&lastdate="}}, {"model": "scraping.url", "pk": 91, "fields": {"city": 2, "speciality": 5, "site": 1, "url_address": "https://www.work.ua/jobs-lviv-front-end/"}}, {"model": "scraping.url", "pk": 92, "fields": {"city": 2, "speciality": 5, "site": 2, "url_address": "https://jobs.dou.ua/vacancies/?city=\u041b\u044c\u0432\u043e\u0432&category=front-end"}}, {"model": "scraping.url", "pk": 93, "fields": {"city": 2, "speciality": 5, "site": 3, "url_address": "https://rabota.ua/jobsearch/vacancy_list?regionId=2&keyWords=front-end&period=2&lastdate="}}, {"model": "scraping.url", "pk": 94, "fields": {"city": 2, "speciality": 10, "site": 1, "url_address": "https://www.work.ua/jobs-lviv-golang/"}}, {"model": "scraping.url", "pk": 95, "fields": {"city": 2, "speciality": 10, "site": 2, "url_address": "https://jobs.dou.ua/vacancies/?city=\u041b\u044c\u0432\u043e\u0432&category=Golang"}}, {"model": "scraping.url", "pk": 96, "fields": {"city": 2, "speciality": 10, "site": 3, "url_address": "https://rabota.ua/jobsearch/vacancy_list?regionId=2&keyWords=golang&period=2&lastdate="}}, {"model": "scraping.url", "pk": 97, "fields": {"city": 2, "speciality": 2, "site": 1, "url_address": "https://www.work.ua/jobs-lviv-java"}}, {"model": "scraping.url", "pk": 98, "fields": {"city": 2, "speciality": 2, "site": 2, "url_address": "https://jobs.dou.ua/vacancies/?city=\u041b\u044c\u0432\u043e\u0432&category=Java"}}, {"model": "scraping.url", "pk": 99, "fields": {"city": 2, "speciality": 2, "site": 3, "url_address": "https://rabota.ua/jobsearch/vacancy_list?regionId=2&keyWords=java&period=2&lastdate="}}, {"model": "scraping.url", "pk": 100, "fields": {"city": 2, "speciality": 11, "site": 1, "url_address": "https://www.work.ua/jobs-lviv-node.js/"}}, {"model": "scraping.url", "pk": 101, "fields": {"city": 2, "speciality": 11, "site": 2, "url_address": "https://jobs.dou.ua/vacancies/?city=\u041b\u044c\u0432\u043e\u0432&category=node.js"}}, {"model": "scraping.url", "pk": 102, "fields": {"city": 2, "speciality": 11, "site": 3, "url_address": "https://rabota.ua/jobsearch/vacancy_list?regionId=2&keyWords=node.js&period=2&lastdate="}}, {"model": "scraping.url", "pk": 103, "fields": {"city": 2, "speciality": 9, "site": 1, "url_address": "https://www.work.ua/jobs-lviv-php/"}}, {"model": "scraping.url", "pk": 104, "fields": {"city": 2, "speciality": 9, "site": 2, "url_address": "https://jobs.dou.ua/vacancies/?city=\u041b\u044c\u0432\u043e\u0432&category=PHP"}}, {"model": "scraping.url", "pk": 105, "fields": {"city": 2, "speciality": 9, "site": 3, "url_address": "https://rabota.ua/jobsearch/vacancy_list?regionId=2&keyWords=php&period=2&lastdate="}}, {"model": "scraping.url", "pk": 106, "fields": {"city": 2, "speciality": 1, "site": 1, "url_address": "https://www.work.ua/jobs-lviv-python/"}}, {"model": "scraping.url", "pk": 107, "fields": {"city": 2, "speciality": 1, "site": 2, "url_address": "https://jobs.dou.ua/vacancies/?city=\u041b\u044c\u0432\u043e\u0432&category=Python"}}, {"model": "scraping.url", "pk": 108, "fields": {"city": 2, "speciality": 1, "site": 3, "url_address": "https://rabota.ua/jobsearch/vacancy_list?regionId=2&keyWords=python&period=2&lastdate="}}, {"model": "scraping.url", "pk": 109, "fields": {"city": 2, "speciality": 13, "site": 1, "url_address": "https://www.work.ua/jobs-lviv-react-native/"}}, {"model": "scraping.url", "pk": 110, "fields": {"city": 2, "speciality": 13, "site": 2, "url_address": "https://jobs.dou.ua/vacancies/?city=\u041b\u044c\u0432\u043e\u0432&category=react-native"}}, {"model": "scraping.url", "pk": 111, "fields": {"city": 2, "speciality": 13, "site": 3, "url_address": "https://rabota.ua/jobsearch/vacancy_list?regionId=2&keyWords=react-native&period=2&lastdate="}}, {"model": "scraping.url", "pk": 112, "fields": {"city": 2, "speciality": 3, "site": 1, "url_address": "https://www.work.ua/jobs-lviv-ruby/"}}, {"model": "scraping.url", "pk": 113, "fields": {"city": 2, "speciality": 3, "site": 2, "url_address": "https://jobs.dou.ua/vacancies/?city=\u041b\u044c\u0432\u043e\u0432&category=Ruby"}}, {"model": "scraping.url", "pk": 114, "fields": {"city": 2, "speciality": 3, "site": 3, "url_address": "https://rabota.ua/jobsearch/vacancy_list?regionId=2&keyWords=ruby&period=2&lastdate="}}, {"model": "scraping.url", "pk": 115, "fields": {"city": 2, "speciality": 12, "site": 1, "url_address": "https://www.work.ua/jobs-lviv-iOS%2FmacOS/"}}, {"model": "scraping.url", "pk": 116, "fields": {"city": 2, "speciality": 12, "site": 2, "url_address": "https://jobs.dou.ua/vacancies/?city=\u041b\u044c\u0432\u043e\u0432&category=iOS%2FmacOS"}}, {"model": "scraping.url", "pk": 117, "fields": {"city": 2, "speciality": 12, "site": 3, "url_address": "https://rabota.ua/jobsearch/vacancy_list?regionId=2&keyWords=iOS%2FmacOS&period=2&lastdate="}}, {"model": "scraping.url", "pk": 118, "fields": {"city": 4, "speciality": 8, "site": 1, "url_address": "https://www.work.ua/jobs-odesa-.net/"}}, {"model": "scraping.url", "pk": 119, "fields": {"city": 4, "speciality": 8, "site": 2, "url_address": "https://jobs.dou.ua/vacancies/?city=\u041e\u0434\u0435\u0441\u0441\u0430&category=.net"}}, {"model": "scraping.url", "pk": 120, "fields": {"city": 4, "speciality": 8, "site": 3, "url_address": "https://rabota.ua/jobsearch/vacancy_list?regionId=3&keyWords=.net&period=2&lastdate="}}, {"model": "scraping.url", "pk": 121, "fields": {"city": 4, "speciality": 14, "site": 1, "url_address": "https://www.work.ua/jobs-odesa-android/"}}, {"model": "scraping.url", "pk": 122, "fields": {"city": 4, "speciality": 14, "site": 2, "url_address": "https://jobs.dou.ua/vacancies/?city=\u041e\u0434\u0435\u0441\u0441\u0430&category=android"}}, {"model": "scraping.url", "pk": 123, "fields": {"city": 4, "speciality": 14, "site": 3, "url_address": "https://rabota.ua/jobsearch/vacancy_list?regionId=3&keyWords=android&period=2&lastdate="}}, {"model": "scraping.url", "pk": 124, "fields": {"city": 4, "speciality": 6, "site": 1, "url_address": "https://www.work.ua/jobs-odesa-c%23/"}}, {"model": "scraping.url", "pk": 125, "fields": {"city": 4, "speciality": 6, "site": 2, "url_address": "https://jobs.dou.ua/vacancies/?city=\u041e\u0434\u0435\u0441\u0441\u0430&category=c%23"}}, {"model": "scraping.url", "pk": 126, "fields": {"city": 4, "speciality": 6, "site": 3, "url_address": "https://rabota.ua/jobsearch/vacancy_list?regionId=3&keyWords=c-sharp&period=2&lastdate="}}, {"model": "scraping.url", "pk": 127, "fields": {"city": 4, "speciality": 4, "site": 1, "url_address": "https://www.work.ua/jobs-odesa-c%2B%2B/"}}, {"model": "scraping.url", "pk": 128, "fields": {"city": 4, "speciality": 4, "site": 2, "url_address": "https://jobs.dou.ua/vacancies/?city=\u041e\u0434\u0435\u0441\u0441\u0430&category=C%2B%2B"}}, {"model": "scraping.url", "pk": 129, "fields": {"city": 4, "speciality": 4, "site": 3, "url_address": "https://rabota.ua/jobsearch/vacancy_list?regionId=3&keyWords=cpp&period=2&lastdate="}}, {"model": "scraping.url", "pk": 130, "fields": {"city": 4, "speciality": 5, "site": 1, "url_address": "https://www.work.ua/jobs-odesa-front-end/"}}, {"model": "scraping.url", "pk": 131, "fields": {"city": 4, "speciality": 5, "site": 2, "url_address": "https://jobs.dou.ua/vacancies/?city=\u041e\u0434\u0435\u0441\u0441\u0430&category=front-end"}}, {"model": "scraping.url", "pk": 132, "fields": {"city": 4, "speciality": 5, "site": 3, "url_address": "https://rabota.ua/jobsearch/vacancy_list?regionId=3&keyWords=front-end&period=2&lastdate="}}, {"model": "scraping.url", "pk": 133, "fields": {"city": 4, "speciality": 10, "site": 1, "url_address": "https://www.work.ua/jobs-odesa-golang/"}}, {"model": "scraping.url", "pk": 134, "fields": {"city": 4, "speciality": 10, "site": 2, "url_address": "https://jobs.dou.ua/vacancies/?city=\u041e\u0434\u0435\u0441\u0441\u0430&category=Golang"}}, {"model": "scraping.url", "pk": 135, "fields": {"city": 4, "speciality": 10, "site": 3, "url_address": "https://rabota.ua/jobsearch/vacancy_list?regionId=3&keyWords=golang&period=2&lastdate="}}, {"model": "scraping.url", "pk": 136, "fields": {"city": 4, "speciality": 2, "site": 1, "url_address": "https://www.work.ua/jobs-odesa-java/"}}, {"model": "scraping.url", "pk": 137, "fields": {"city": 4, "speciality": 2, "site": 2, "url_address": "https://jobs.dou.ua/vacancies/?city=\u041e\u0434\u0435\u0441\u0441\u0430&category=Java"}}, {"model": "scraping.url", "pk": 138, "fields": {"city": 4, "speciality": 2, "site": 3, "url_address": "https://rabota.ua/jobsearch/vacancy_list?regionId=3&keyWords=java&period=2&lastdate="}}, {"model": "scraping.url", "pk": 139, "fields": {"city": 4, "speciality": 11, "site": 1, "url_address": "https://www.work.ua/jobs-odesa-node.js/"}}, {"model": "scraping.url", "pk": 140, "fields": {"city": 4, "speciality": 11, "site": 2, "url_address": "https://jobs.dou.ua/vacancies/?city=\u041e\u0434\u0435\u0441\u0441\u0430&category=node.js"}}, {"model": "scraping.url", "pk": 141, "fields": {"city": 4, "speciality": 11, "site": 3, "url_address": "https://rabota.ua/jobsearch/vacancy_list?regionId=3&keyWords=node.js&period=2&lastdate="}}, {"model": "scraping.url", "pk": 142, "fields": {"city": 4, "speciality": 9, "site": 1, "url_address": "https://www.work.ua/jobs-odesa-php/"}}, {"model": "scraping.url", "pk": 143, "fields": {"city": 4, "speciality": 9, "site": 2, "url_address": "https://jobs.dou.ua/vacancies/?city=\u041e\u0434\u0435\u0441\u0441\u0430&category=PHP"}}, {"model": "scraping.url", "pk": 144, "fields": {"city": 4, "speciality": 9, "site": 3, "url_address": "https://rabota.ua/jobsearch/vacancy_list?regionId=3&keyWords=php&period=2&lastdate="}}, {"model": "scraping.url", "pk": 145, "fields": {"city": 4, "speciality": 1, "site": 1, "url_address": "https://www.work.ua/jobs-odesa-python/"}}, {"model": "scraping.url", "pk": 146, "fields": {"city": 4, "speciality": 1, "site": 2, "url_address": "https://jobs.dou.ua/vacancies/?city=\u041e\u0434\u0435\u0441\u0441\u0430&category=Python"}}, {"model": "scraping.url", "pk": 147, "fields": {"city": 4, "speciality": 1, "site": 3, "url_address": "https://rabota.ua/jobsearch/vacancy_list?regionId=3&keyWords=python&period=2&lastdate="}}, {"model": "scraping.url", "pk": 148, "fields": {"city": 4, "speciality": 13, "site": 1, "url_address": "https://www.work.ua/jobs-odesa-react-native/"}}, {"model": "scraping.url", "pk": 149, "fields": {"city": 4, "speciality": 13, "site": 2, "url_address": "https://jobs.dou.ua/vacancies/?city=\u041e\u0434\u0435\u0441\u0441\u0430&category=react-native"}}, {"model": "scraping.url", "pk": 150, "fields": {"city": 4, "speciality": 13, "site": 3, "url_address": "https://rabota.ua/jobsearch/vacancy_list?regionId=3&keyWords=react-native&period=2&lastdate="}}, {"model": "scraping.url", "pk": 151, "fields": {"city": 4, "speciality": 3, "site": 1, "url_address": "https://www.work.ua/jobs-odesa-ruby/"}}, {"model": "scraping.url", "pk": 152, "fields": {"city": 4, "speciality": 3, "site": 2, "url_address": "https://jobs.dou.ua/vacancies/?city=\u041e\u0434\u0435\u0441\u0441\u0430&category=Ruby"}}, {"model": "scraping.url", "pk": 153, "fields": {"city": 4, "speciality": 3, "site": 3, "url_address": "https://rabota.ua/jobsearch/vacancy_list?regionId=3&keyWords=ruby&period=2&lastdate="}}, {"model": "scraping.url", "pk": 154, "fields": {"city": 4, "speciality": 12, "site": 1, "url_address": "https://www.work.ua/jobs-odesa-iOS%2FmacOS/"}}, {"model": "scraping.url", "pk": 155, "fields": {"city": 4, "speciality": 12, "site": 2, "url_address": "https://jobs.dou.ua/vacancies/?city=\u041e\u0434\u0435\u0441\u0441\u0430&category=iOS%2FmacOS"}}, {"model": "scraping.url", "pk": 156, "fields": {"city": 4, "speciality": 12, "site": 3, "url_address": "https://rabota.ua/jobsearch/vacancy_list?regionId=3&keyWords=iOS%2FmacOS&period=2&lastdate="}}, {"model": "scraping.url", "pk": 157, "fields": {"city": 3, "speciality": 8, "site": 1, "url_address": "https://www.work.ua/jobs-kharkiv-.net/"}}, {"model": "scraping.url", "pk": 158, "fields": {"city": 3, "speciality": 8, "site": 2, "url_address": "https://jobs.dou.ua/vacancies/?city=\u0425\u0430\u0440\u044c\u043a\u043e\u0432&category=.net"}}, {"model": "scraping.url", "pk": 159, "fields": {"city": 3, "speciality": 8, "site": 3, "url_address": "https://rabota.ua/jobsearch/vacancy_list?regionId=21&keyWords=.net&period=2&lastdate="}}, {"model": "scraping.url", "pk": 160, "fields": {"city": 3, "speciality": 14, "site": 1, "url_address": "https://www.work.ua/jobs-kharkiv-android/"}}, {"model": "scraping.url", "pk": 161, "fields": {"city": 3, "speciality": 14, "site": 2, "url_address": "https://jobs.dou.ua/vacancies/?city=\u0425\u0430\u0440\u044c\u043a\u043e\u0432&category=android"}}, {"model": "scraping.url", "pk": 162, "fields": {"city": 3, "speciality": 14, "site": 3, "url_address": "https://rabota.ua/jobsearch/vacancy_list?regionId=21&keyWords=android&period=2&lastdate="}}, {"model": "scraping.url", "pk": 163, "fields": {"city": 3, "speciality": 6, "site": 1, "url_address": "https://www.work.ua/jobs-kharkiv-c%23/"}}, {"model": "scraping.url", "pk": 164, "fields": {"city": 3, "speciality": 6, "site": 2, "url_address": "https://jobs.dou.ua/vacancies/?city=\u0425\u0430\u0440\u044c\u043a\u043e\u0432&category=c%23"}}, {"model": "scraping.url", "pk": 165, "fields": {"city": 3, "speciality": 6, "site": 3, "url_address": "https://rabota.ua/jobsearch/vacancy_list?regionId=21&keyWords=c-sharp&period=2&lastdate="}}, {"model": "scraping.url", "pk": 166, "fields": {"city": 3, "speciality": 4, "site": 1, "url_address": "https://www.work.ua/jobs-kharkiv-c%2B%2B/"}}, {"model": "scraping.url", "pk": 167, "fields": {"city": 3, "speciality": 4, "site": 2, "url_address": "https://jobs.dou.ua/vacancies/?city=\u0425\u0430\u0440\u044c\u043a\u043e\u0432&category=C%2B%2B"}}, {"model": "scraping.url", "pk": 168, "fields": {"city": 3, "speciality": 4, "site": 3, "url_address": "https://rabota.ua/jobsearch/vacancy_list?regionId=21&keyWords=cpp&period=2&lastdate="}}, {"model": "scraping.url", "pk": 169, "fields": {"city": 3, "speciality": 5, "site": 1, "url_address": "https://www.work.ua/jobs-kharkiv-front-end/"}}, {"model": "scraping.url", "pk": 170, "fields": {"city": 3, "speciality": 5, "site": 2, "url_address": "https://jobs.dou.ua/vacancies/?city=\u0425\u0430\u0440\u044c\u043a\u043e\u0432&category=front-end"}}, {"model": "scraping.url", "pk": 171, "fields": {"city": 3, "speciality": 5, "site": 3, "url_address": "https://rabota.ua/jobsearch/vacancy_list?regionId=21&keyWords=front-end&period=2&lastdate="}}, {"model": "scraping.url", "pk": 172, "fields": {"city": 3, "speciality": 10, "site": 1, "url_address": "https://www.work.ua/jobs-kharkiv-golang/"}}, {"model": "scraping.url", "pk": 173, "fields": {"city": 3, "speciality": 10, "site": 2, "url_address": "https://jobs.dou.ua/vacancies/?city=\u0425\u0430\u0440\u044c\u043a\u043e\u0432&category=Golang"}}, {"model": "scraping.url", "pk": 174, "fields": {"city": 3, "speciality": 10, "site": 3, "url_address": "https://rabota.ua/jobsearch/vacancy_list?regionId=21&keyWords=golang&period=2&lastdate="}}, {"model": "scraping.url", "pk": 175, "fields": {"city": 3, "speciality": 2, "site": 1, "url_address": "https://www.work.ua/jobs-kharkiv-java/"}}, {"model": "scraping.url", "pk": 176, "fields": {"city": 3, "speciality": 2, "site": 2, "url_address": "https://jobs.dou.ua/vacancies/?city=\u0425\u0430\u0440\u044c\u043a\u043e\u0432&category=Java"}}, {"model": "scraping.url", "pk": 177, "fields": {"city": 3, "speciality": 2, "site": 3, "url_address": "https://rabota.ua/jobsearch/vacancy_list?regionId=21&keyWords=java&period=2&lastdate="}}, {"model": "scraping.url", "pk": 178, "fields": {"city": 3, "speciality": 11, "site": 1, "url_address": "https://www.work.ua/jobs-kharkiv-node.js/"}}, {"model": "scraping.url", "pk": 179, "fields": {"city": 3, "speciality": 11, "site": 2, "url_address": "https://jobs.dou.ua/vacancies/?city=\u0425\u0430\u0440\u044c\u043a\u043e\u0432&category=node.js"}}, {"model": "scraping.url", "pk": 180, "fields": {"city": 3, "speciality": 11, "site": 3, "url_address": "https://rabota.ua/jobsearch/vacancy_list?regionId=21&keyWords=node.js&period=2&lastdate="}}, {"model": "scraping.url", "pk": 181, "fields": {"city": 3, "speciality": 9, "site": 1, "url_address": "https://www.work.ua/jobs-kharkiv-php/"}}, {"model": "scraping.url", "pk": 182, "fields": {"city": 3, "speciality": 9, "site": 2, "url_address": "https://jobs.dou.ua/vacancies/?city=\u0425\u0430\u0440\u044c\u043a\u043e\u0432&category=PHP"}}, {"model": "scraping.url", "pk": 183, "fields": {"city": 3, "speciality": 9, "site": 3, "url_address": "https://rabota.ua/jobsearch/vacancy_list?regionId=21&keyWords=php&period=2&lastdate="}}, {"model": "scraping.url", "pk": 184, "fields": {"city": 3, "speciality": 1, "site": 1, "url_address": "https://www.work.ua/jobs-kharkiv-python/"}}, {"model": "scraping.url", "pk": 185, "fields": {"city": 3, "speciality": 1, "site": 2, "url_address": "https://jobs.dou.ua/vacancies/?city=\u0425\u0430\u0440\u044c\u043a\u043e\u0432&category=Python"}}, {"model": "scraping.url", "pk": 186, "fields": {"city": 3, "speciality": 1, "site": 3, "url_address": "https://rabota.ua/jobsearch/vacancy_list?regionId=21&keyWords=python&period=2&lastdate="}}, {"model": "scraping.url", "pk": 187, "fields": {"city": 3, "speciality": 13, "site": 1, "url_address": "https://www.work.ua/jobs-kharkiv-react-native/"}}, {"model": "scraping.url", "pk": 188, "fields": {"city": 3, "speciality": 13, "site": 2, "url_address": "https://jobs.dou.ua/vacancies/?city=\u0425\u0430\u0440\u044c\u043a\u043e\u0432&category=react-native"}}, {"model": "scraping.url", "pk": 189, "fields": {"city": 3, "speciality": 13, "site": 3, "url_address": "https://rabota.ua/jobsearch/vacancy_list?regionId=21&keyWords=react-native&period=2&lastdate="}}, {"model": "scraping.url", "pk": 190, "fields": {"city": 3, "speciality": 3, "site": 1, "url_address": "https://www.work.ua/jobs-kharkiv-ruby/"}}, {"model": "scraping.url", "pk": 191, "fields": {"city": 3, "speciality": 3, "site": 2, "url_address": "https://jobs.dou.ua/vacancies/?city=\u0425\u0430\u0440\u044c\u043a\u043e\u0432&category=Ruby"}}, {"model": "scraping.url", "pk": 192, "fields": {"city": 3, "speciality": 3, "site": 3, "url_address": "https://rabota.ua/jobsearch/vacancy_list?regionId=21&keyWords=ruby&period=2&lastdate="}}, {"model": "scraping.url", "pk": 193, "fields": {"city": 3, "speciality": 12, "site": 1, "url_address": "https://www.work.ua/jobs-kharkiv-iOS%2FmacOS/"}}, {"model": "scraping.url", "pk": 194, "fields": {"city": 3, "speciality": 12, "site": 2, "url_address": "https://jobs.dou.ua/vacancies/?city=\u0425\u0430\u0440\u044c\u043a\u043e\u0432&category=iOS%2FmacOS"}}, {"model": "scraping.url", "pk": 195, "fields": {"city": 3, "speciality": 12, "site": 3, "url_address": "https://rabota.ua/jobsearch/vacancy_list?regionId=21&keyWords=iOS%2FmacOS&period=2&lastdate="}}]